,classe,polaridade,subjetividade,tamanho_medio_palavra,tamanho_medio_sentenca,num_exclamacoes,num_maiusculas,proporcao_stopwords,diversidade_lexica,num_numeros,entidades_nomeadas,proporcao_pronomes,num_links
0,1,0.034640580275826185,0.2968240957585221,4.459584295612009,19.660714285714285,2,12,0.41689373297002724,0.37990762124711314,18,59,0.10263396911898275,0
1,1,0.0,0.0,4.555555555555555,10.0,0,0,0.5,1.0,0,2,0.2,0
2,1,0.19040178571428573,0.5127976190476191,5.452830188679245,21.333333333333332,1,12,0.3125,0.8867924528301887,0,6,0.03125,0
3,0,0.11149305555555555,0.3871056547619047,4.874057315233785,31.52,0,16,0.4143401015228426,0.42081447963800905,16,133,0.08058375634517767,0
4,1,0.01334175084175084,0.40357744107744103,4.78125,35.27272727272727,0,15,0.3582474226804124,0.5,22,54,0.01804123711340206,0
5,1,-0.10046082949308759,0.4285714285714286,4.996124031007752,25.916666666666668,2,14,0.35691318327974275,0.5542635658914729,1,28,0.04501607717041801,0
6,1,0.0,0.0,4.171428571428572,13.666666666666666,0,24,0.4146341463414634,0.8,0,4,0.0975609756097561,0
7,1,-0.5,1.0,4.769230769230769,10.0,0,3,0.2,1.0,0,3,0.05,0
8,1,0.08208333333333333,0.48583333333333334,4.253472222222222,19.705882352941178,6,14,0.41492537313432837,0.5659722222222222,2,25,0.09253731343283582,0
9,1,-0.017018140589569138,0.4915929705215419,4.951781970649895,29.095238095238095,4,7,0.3698854337152209,0.5283018867924528,12,58,0.0425531914893617,1
10,1,0.09544552669552671,0.4273899711399711,4.816691505216095,25.833333333333332,0,7,0.3247311827956989,0.46497764530551416,30,91,0.05591397849462366,14
11,0,0.05171638257575757,0.31301914231601735,4.881748071979435,34.76923076923077,0,16,0.4026548672566372,0.4884318766066838,8,59,0.03982300884955752,0
12,0,-0.013408521303258144,0.3555764411027569,4.988584474885845,33.86666666666667,0,3,0.38188976377952755,0.5045662100456622,11,55,0.015748031496062992,0
13,1,0.10138888888888888,0.35694444444444445,4.686274509803922,27.0,0,3,0.37037037037037035,0.9607843137254902,0,4,0.037037037037037035,0
14,0,0.12895171957671955,0.43400997150997145,5.085714285714285,35.23529411764706,0,22,0.39065108514190316,0.5285714285714286,10,56,0.035058430717863104,0
15,0,0.041666666666666664,0.23125,5.163568773234201,26.333333333333332,0,7,0.36075949367088606,0.5204460966542751,12,30,0.04113924050632911,0
16,1,-0.14924728049728053,0.4190170940170939,4.414012738853503,25.535714285714285,0,21,0.4699300699300699,0.46656050955414013,12,40,0.11048951048951049,0
17,0,0.025000000000000005,0.09583333333333333,5.317880794701987,36.8,0,2,0.358695652173913,0.543046357615894,1,16,0.03260869565217391,0
18,1,0.12518957233242944,0.4322113600685031,5.087585034013605,24.30909090909091,0,13,0.4023934181002244,0.4387755102040816,18,94,0.05160807778608826,0
19,0,-0.034429112554112545,0.3965334145021645,5.224096385542168,29.11764705882353,0,5,0.37777777777777777,0.5012048192771085,9,48,0.044444444444444446,0
20,1,0.2704365079365079,0.5923280423280425,4.504166666666666,18.0,1,9,0.4074074074074074,0.5625,3,19,0.07098765432098765,0
21,1,0.022822074566260606,0.5199612403100775,4.573498964803313,27.045454545454547,0,17,0.4504201680672269,0.515527950310559,18,49,0.0957983193277311,0
22,1,0.04041666666666666,0.30416666666666664,5.002816901408451,18.347826086956523,2,2,0.4028436018957346,0.4563380281690141,3,46,0.06872037914691943,0
23,1,0.04117622848004014,0.37860380775178987,5.063511326860842,26.238938053097346,7,28,0.3794266441821248,0.3681229773462783,28,346,0.04114671163575042,0
24,1,0.081296992481203,0.47171052631578947,4.595641646489105,21.636363636363637,0,14,0.4117647058823529,0.4915254237288136,1,36,0.12184873949579832,0
25,1,0.13833333333333334,0.4416666666666667,5.039408866995074,26.77777777777778,1,3,0.3360995850622407,0.6009852216748769,4,23,0.024896265560165973,0
26,0,0.11678538633084087,0.4894024662206479,5.020446096654275,30.761904761904763,0,7,0.3591331269349845,0.4479553903345725,13,54,0.029411764705882353,0
27,0,0.11689189189189185,0.42297297297297304,5.027413587604291,29.333333333333332,0,4,0.3584710743801653,0.43861740166865315,9,127,0.03615702479338843,0
28,0,0.10170454545454546,0.41538419913419916,5.071012805587893,28.333333333333332,0,5,0.4,0.39348079161816063,9,90,0.0392156862745098,0
29,1,0.09396890987800079,0.39537255673619304,4.890041493775934,27.857142857142858,0,8,0.41025641025641024,0.5145228215767634,15,75,0.05641025641025641,0
30,0,0.051190476190476196,0.16904761904761903,4.793103448275862,25.0,0,1,0.38,0.7471264367816092,4,10,0.04,0
31,0,0.05570087945087944,0.4054902567402566,4.8006825938566555,28.131147540983605,0,4,0.4224941724941725,0.378839590443686,26,135,0.05244755244755245,0
32,1,0.1939229024943311,0.4375736961451247,4.951219512195122,24.8,1,6,0.4489247311827957,0.5426829268292683,4,18,0.06720430107526881,0
33,0,0.13665176353700945,0.4728738201689021,5.079497907949791,32.61538461538461,0,11,0.34787735849056606,0.4825662482566248,17,82,0.041273584905660375,0
34,0,0.05216625125716035,0.4370391140845686,4.938232161874335,29.54054054054054,0,7,0.4025617566331198,0.44195953141640043,19,132,0.04574565416285453,0
35,0,0.1146780303030303,0.4107323232323233,5.1786666666666665,25.72222222222222,0,4,0.3390928725701944,0.4746666666666667,24,75,0.01511879049676026,0
36,1,-1.0,1.0,4.258064516129032,7.875,1,7,0.1746031746031746,0.7741935483870968,3,7,0.06349206349206349,1
37,1,0.020328282828282838,0.701010101010101,4.938697318007663,20.95744680851064,0,5,0.013197969543147208,0.4163473818646232,13,88,0.0020304568527918783,0
38,1,0.03169191919191919,0.5133364898989897,4.413255360623782,25.08,0,13,0.40669856459330145,0.5048732943469786,5,45,0.07814992025518341,0
39,1,-0.0071428571428571366,0.5121428571428571,4.7994428969359335,21.894736842105264,1,8,0.40384615384615385,0.5738161559888579,0,29,0.07692307692307693,0
40,1,0.03126462706294639,0.4864627669249518,4.7461273666092945,18.14666666666667,2,14,0.429096252755327,0.4406196213425129,15,88,0.07053637031594416,0
41,0,0.05790043290043289,0.3992576433982684,4.962095875139354,33.483870967741936,0,2,0.44315992292870904,0.3957636566332218,21,109,0.038535645472061654,0
42,1,0.09081010452961673,0.32822299651567943,5.307535641547862,32.8235294117647,0,15,0.34408602150537637,0.5498981670061099,3,75,0.03225806451612903,1
43,1,0.35000000000000003,0.48333333333333334,4.235294117647059,10.5,0,0,0.3333333333333333,0.9411764705882353,0,3,0.047619047619047616,0
44,0,0.17522847522847526,0.43440355940355935,4.75764705882353,24.19047619047619,0,10,0.41732283464566927,0.5105882352941177,6,52,0.05905511811023622,0
45,0,-0.03974358974358975,0.1888888888888889,4.695652173913044,20.90909090909091,0,3,0.391304347826087,0.592391304347826,1,20,0.05652173913043478,0
46,0,0.06964490968801312,0.4314778325123153,4.578356858487152,22.158940397350992,0,11,0.42797369994022716,0.29931234165761855,99,252,0.0484160191273162,0
47,0,0.10007631257631258,0.4641788766788767,4.9109947643979055,33.75,0,3,0.37333333333333335,0.47643979057591623,27,68,0.04,0
48,1,0.09300228851010103,0.4554648042929292,5.001379310344827,25.941176470588236,1,5,0.3843537414965986,0.5020689655172413,12,66,0.060090702947845805,0
49,0,0.16883831640840993,0.48778425105527906,4.9031365313653135,22.016393442622952,0,2,0.39166046165301566,0.4446494464944649,29,121,0.055100521221146684,0
50,1,-0.022287616423980052,0.41699855699855687,5.056818181818182,28.56,0,4,0.40896358543417366,0.42657342657342656,13,50,0.04831932773109244,0
51,0,0.03644278606965175,0.4251658374792703,4.868191721132898,28.77777777777778,0,9,0.3832046332046332,0.39760348583877997,21,115,0.03957528957528957,0
52,0,0.11304815233076103,0.41359094046050576,4.537969624300559,25.677966101694917,0,10,0.4508250825082508,0.4044764188649081,23,141,0.08052805280528053,0
53,0,0.07780480934590524,0.3699921425606357,5.251509054325956,29.94871794871795,0,25,0.375,0.4537223340040241,6,72,0.03767123287671233,0
54,0,0.1425865800865801,0.35068542568542566,4.651480637813211,25.65,0,6,0.42105263157894735,0.5284738041002278,14,68,0.04483430799220273,0
55,0,0.08939560439560437,0.44657509157509173,5.0809018567639255,32.214285714285715,0,3,0.41019955654101997,0.4946949602122016,15,61,0.04656319290465632,0
56,1,0.053720238095238085,0.5574404761904762,4.89159891598916,29.4,0,6,0.3492063492063492,0.5121951219512195,4,49,0.031746031746031744,0
57,1,0.08187378810425687,0.5000091878607502,4.78494623655914,29.29824561403509,1,19,0.40179640718562876,0.36774193548387096,52,120,0.06646706586826347,0
58,0,0.16277056277056276,0.3993145743145743,5.297101449275362,23.428571428571427,0,3,0.35365853658536583,0.6159420289855072,5,32,0.018292682926829267,0
59,0,0.15925925925925927,0.17962962962962967,5.473389355742297,25.176470588235293,0,2,0.3808411214953271,0.5546218487394958,3,31,0.053738317757009345,0
60,0,0.01620670995670996,0.38358585858585853,5.16,25.666666666666668,0,9,0.36883116883116884,0.5661538461538461,10,41,0.03636363636363636,0
61,1,0.17708333333333334,0.40208333333333335,4.652849740932642,20.5,0,11,0.32926829268292684,0.5906735751295337,3,29,0.06910569105691057,0
62,1,0.15764462809917354,0.3953305785123967,4.956467661691542,23.78048780487805,0,35,0.3569230769230769,0.4552238805970149,12,72,0.04923076923076923,0
63,1,0.06822916666666666,0.39883432539682545,5.078125,31.61111111111111,0,8,0.46397188049209137,0.44140625,1,51,0.06854130052724078,0
64,1,0.0474402409185018,0.4972731978166761,5.136363636363637,19.366666666666667,0,11,0.3889845094664372,0.5702479338842975,6,60,0.06540447504302926,0
65,1,0.0770408163265306,0.2899659863945578,4.436619718309859,28.88888888888889,0,12,0.4653846153846154,0.6009389671361502,9,18,0.09615384615384616,0
66,1,-0.0492798353909465,0.5106995884773663,4.802439024390244,18.285714285714285,2,9,0.341796875,0.47804878048780486,5,44,0.068359375,2
67,0,0.08866603535353534,0.36954419191919197,5.08997955010225,27.047619047619047,0,4,0.3714788732394366,0.50920245398773,15,82,0.03697183098591549,0
68,1,0.07172406245439954,0.4825259010652268,4.688888888888889,22.387096774193548,2,12,0.430835734870317,0.4106666666666667,25,116,0.09726224783861671,0
69,0,-0.01066666666666665,0.396,4.988549618320611,21.285714285714285,0,3,0.3691275167785235,0.5381679389312977,13,32,0.016778523489932886,0
70,1,0.1833809523809524,0.46876190476190477,4.917582417582418,27.0,1,14,0.3402777777777778,0.5989010989010989,16,55,0.046296296296296294,2
71,0,0.08497253879906942,0.46877521571399133,4.7720488466757125,15.272727272727273,0,3,0.3621031746031746,0.5400271370420624,37,104,0.05952380952380952,0
72,0,0.040476190476190485,0.32469804969804966,5.135555555555555,22.73913043478261,0,2,0.361376673040153,0.5444444444444444,13,51,0.05353728489483748,0
73,0,-0.1298611111111111,0.4705555555555555,4.53781512605042,21.428571428571427,2,0,0.4,0.6890756302521008,3,14,0.06666666666666667,0
74,1,0.02023461431356168,0.46957671957671965,4.303602058319039,22.4375,0,7,0.5069637883008357,0.4288164665523156,7,38,0.11838440111420613,0
75,1,0.2643097643097643,0.5351851851851852,4.48015873015873,16.2,0,5,0.3765432098765432,0.373015873015873,38,77,0.05401234567901234,0
76,0,0.01948051948051948,0.4480519480519481,4.971563981042654,24.0,0,0,0.4166666666666667,0.5545023696682464,8,23,0.04583333333333333,0
77,1,0.018565762240004665,0.40209257072893445,4.98284625158831,35.63461538461539,2,49,0.404749055585537,0.35895806861499363,24,172,0.05450620615218565,0
78,0,-0.1722222222222222,0.27777777777777773,5.136986301369863,30.333333333333332,0,1,0.34065934065934067,0.7123287671232876,2,12,0.06593406593406594,0
79,1,0.3125,0.3333333333333333,5.133333333333334,10.5,1,0,0.2857142857142857,0.9333333333333333,1,2,0.0,0
80,0,0.05932539682539682,0.3820436507936508,4.413625304136253,26.57894736842105,1,8,0.44554455445544555,0.5109489051094891,11,32,0.07326732673267326,0
81,1,0.07151076023843886,0.4866799371263656,5.039485766758494,30.68235294117647,0,71,0.4125766871165644,0.3526170798898072,13,144,0.061733128834355826,0
82,0,0.03532931354359924,0.644030612244898,4.659509202453988,30.615384615384617,0,7,0.40954773869346733,0.5521472392638037,1,20,0.052763819095477386,0
83,0,0.08698206555349411,0.46272933415790557,5.049273021001616,29.541666666666668,0,4,0.421015514809591,0.3772213247172859,9,74,0.06488011283497884,0
84,1,0.037834224598930474,0.4027629233511587,4.981343283582089,28.0,1,11,0.39285714285714285,0.5783582089552238,6,37,0.05519480519480519,0
85,0,0.025054112554112547,0.32330447330447326,5.298214285714286,25.37037037037037,0,4,0.3284671532846715,0.4642857142857143,0,83,0.020437956204379562,0
86,1,0.1996751945970696,0.6739278083028085,4.5904572564612325,18.2,5,16,0.375,0.48111332007952284,17,47,0.08516483516483517,1
87,0,0.007582104109881882,0.4404467960023516,4.416666666666667,21.5,4,7,0.3798449612403101,0.5245098039215687,13,63,0.05232558139534884,0
88,1,0.06953125,0.4144001831501831,4.3810975609756095,22.58823529411765,0,16,0.4231770833333333,0.45426829268292684,23,66,0.078125,0
89,0,0.1056571293290043,0.35998308982683985,5.329861111111111,33.3,1,7,0.3713713713713714,0.4305555555555556,26,121,0.042042042042042045,0
90,0,0.04702380952380952,0.3724728487886383,5.04,32.375,0,2,0.4015444015444015,0.6133333333333333,3,27,0.02702702702702703,0
91,0,0.08571785750003573,0.4052396723188802,4.646464646464646,25.177419354838708,0,8,0.42664958360025623,0.41181041181041184,29,88,0.07174887892376682,0
92,0,0.07048260381593716,0.44029180695847364,5.186335403726708,25.866666666666667,0,6,0.36082474226804123,0.515527950310559,2,36,0.05154639175257732,0
93,1,0.09214794044339501,0.5027646595828414,4.259541984732825,18.0625,4,3,0.43944636678200694,0.5381679389312977,2,8,0.11418685121107267,0
94,1,0.13380952380952382,0.3084126984126984,5.089473684210526,21.142857142857142,1,8,0.39414414414414417,0.5342105263157895,1,51,0.08108108108108109,0
95,1,0.11745454545454546,0.3726689976689977,4.7253731343283585,21.88888888888889,1,3,0.4416243654822335,0.564179104477612,3,32,0.08883248730964467,0
96,0,-0.002146464646464642,0.25858585858585864,5.081521739130435,33.07692307692308,0,3,0.3767441860465116,0.5108695652173914,10,41,0.05116279069767442,0
97,1,0.07401154401154403,0.2903174603174603,4.940298507462686,34.57142857142857,1,16,0.3140495867768595,0.6865671641791045,5,20,0.01652892561983471,0
98,1,0.10301587301587302,0.3752380952380952,4.551111111111111,41.166666666666664,0,5,0.4291497975708502,0.5777777777777777,2,18,0.06882591093117409,0
99,1,0.038231367026547745,0.45556850779742336,4.533269045323047,23.823529411764707,0,21,0.38765432098765434,0.4223722275795564,19,101,0.08148148148148149,0
100,0,0.0,0.0,5.134615384615385,22.0,0,0,0.2727272727272727,0.6923076923076923,2,8,0.030303030303030304,0
101,0,0.07369227994227995,0.3390032982890125,4.993393889347646,21.028169014084508,0,5,0.38379102478231747,0.38810900082576383,17,141,0.0535833891493637,0
102,1,0.10552624458874463,0.4296435335497836,4.703947368421052,24.6,5,12,0.3170731707317073,0.4583333333333333,12,79,0.056910569105691054,3
103,1,-0.04666666666666667,0.7133333333333333,4.836363636363636,30.5,0,12,0.29508196721311475,0.8363636363636363,0,3,0.01639344262295082,0
104,1,0.0755478050595238,0.44542799648268416,5.054640718562874,29.76923076923077,0,8,0.45542635658914726,0.39895209580838326,17,102,0.05103359173126615,0
105,1,0.005324074074074074,0.5416666666666667,4.882352941176471,27.5,5,12,0.4072727272727273,0.5701357466063348,2,16,0.09454545454545454,1
106,1,-0.275,0.55,5.4,15.0,0,3,0.2,1.0,0,2,0.0,0
107,1,0.296978021978022,0.5350503663003663,4.371727748691099,17.025,3,18,0.47577092511013214,0.4363001745200698,7,33,0.13803230543318648,0
108,1,-0.13075396825396826,0.642063492063492,4.470588235294118,12.666666666666666,3,5,0.3684210526315789,0.9411764705882353,0,5,0.05263157894736842,0
109,0,0.003646384479717815,0.4116710758377425,5.177545691906006,30.096774193548388,0,5,0.3633440514469453,0.42297650130548303,10,88,0.03536977491961415,0
110,1,0.12681623931623925,0.42958384208384215,4.478504672897197,24.076923076923077,0,1,0.4185303514376997,0.4654205607476635,19,82,0.06869009584664537,0
111,1,0.2271428571428571,0.4940178571428572,4.731543624161074,19.14814814814815,0,6,0.43133462282398455,0.4720357941834452,8,44,0.10444874274661509,0
112,0,0.09246406926406923,0.3059103896103896,4.864761904761905,26.434782608695652,0,3,0.42105263157894735,0.45904761904761904,11,58,0.04111842105263158,0
113,0,0.023740597464001714,0.4420643422771083,4.925773195876289,35.875,0,9,0.42857142857142855,0.4865979381443299,5,38,0.04355400696864112,0
114,1,0.05374576792083999,0.42436458834153357,5.1647370959961405,135.1578947368421,8,88,0.2949766355140187,0.4240231548480463,77,615,0.035046728971962614,0
115,1,0.15654351395730706,0.49552955665024634,5.461669505962521,26.074074074074073,1,4,0.33238636363636365,0.6081771720613288,15,35,0.04261363636363636,0
116,1,0.044602272727272727,0.27002840909090914,5.222222222222222,28.0,0,7,0.3516483516483517,0.5228758169934641,13,50,0.02197802197802198,0
117,1,0.18450786939159033,0.5784413906506929,4.753807106598985,22.15,0,5,0.4198645598194131,0.5380710659898477,4,33,0.08577878103837472,0
118,1,-0.003153935185185185,0.45810185185185187,4.373887240356083,17.125,3,35,0.4209245742092457,0.5044510385756676,2,21,0.1070559610705596,0
119,0,0.12567640692640694,0.3553300865800865,5.007352941176471,31.933333333333334,0,2,0.38204592901878914,0.4852941176470588,11,35,0.03549060542797495,0
120,0,0.03117261045832474,0.4281100116814403,4.837315130830489,25.023809523809526,0,4,0.4329210275927688,0.40955631399317405,22,51,0.046622264509990484,0
121,0,0.12860583684950774,0.4577531645569618,4.6864310148232615,28.40506329113924,0,62,0.3810160427807487,0.4047890535917902,61,223,0.05614973262032086,0
122,1,0.10595238095238094,0.6047619047619046,4.901477832512315,23.1,2,119,0.45021645021645024,0.6206896551724138,4,25,0.04329004329004329,0
123,0,0.10535629734848485,0.3478515625,4.962080173347779,30.685714285714287,0,15,0.3761638733705773,0.4712892741061755,10,110,0.051210428305400374,0
124,0,0.008121512746512747,0.49120508658008644,4.8179148311306905,17.53191489361702,0,2,0.4211165048543689,0.5066079295154186,7,69,0.08737864077669903,0
125,0,0.11319601914840012,0.43822751322751324,4.79935125115848,31.694117647058825,0,3,0.3860430586488493,0.2965708989805375,115,252,0.05605048255382331,0
126,0,0.16002155172413793,0.45261494252873574,4.6940298507462686,13.75,11,18,0.3064935064935065,0.6082089552238806,11,50,0.025974025974025976,0
127,1,0.06297979797979797,0.3513325563325564,5.375862068965517,29.470588235294116,0,22,0.38622754491017963,0.3620689655172414,15,74,0.0499001996007984,1
128,1,0.1875,0.7,4.510204081632653,13.5,0,4,0.35185185185185186,0.7959183673469388,0,7,0.05555555555555555,0
129,0,0.12624458874458874,0.43252164502164503,5.369829683698297,30.9375,0,1,0.3797979797979798,0.5498783454987834,12,41,0.026262626262626262,0
130,1,0.08392992424242424,0.3330555555555556,4.620952380952381,33.333333333333336,1,8,0.38166666666666665,0.49523809523809526,27,81,0.03333333333333333,0
131,1,0.11394041855580317,0.38378077051153986,5.172190201729107,27.483333333333334,0,9,0.42449969678593086,0.39121037463976943,27,90,0.04002425712553062,0
132,0,0.16060090702947843,0.4418934240362812,4.818604651162791,25.6,0,11,0.333984375,0.5186046511627908,5,34,0.048828125,0
133,0,0.11038308618095853,0.5525617113383071,4.513776337115073,31.956521739130434,0,16,0.5047619047619047,0.4246353322528363,5,16,0.1401360544217687,0
134,0,0.13931818181818184,0.5206439393939394,5.123809523809523,27.642857142857142,0,3,0.3178294573643411,0.5650793650793651,8,37,0.028423772609819122,0
135,1,-0.06739510489510489,0.37150349650349657,4.886075949367089,23.272727272727273,0,16,0.390625,0.5274261603375527,5,23,0.04296875,0
136,1,0.1484848484848485,0.531060606060606,5.450549450549451,25.0,0,1,0.3169230769230769,0.5238095238095238,10,62,0.046153846153846156,0
137,0,0.08547138047138046,0.32478114478114484,4.924050632911392,32.714285714285715,0,3,0.36899563318777295,0.5417721518987342,7,33,0.05021834061135371,0
138,1,-0.0499150491085975,0.6778219987897407,5.146997929606625,26.695652173913043,1,2,0.38925081433224756,0.453416149068323,6,63,0.06840390879478828,0
139,1,0.08315018315018315,0.5021978021978023,4.553956834532374,14.363636363636363,0,9,0.4240506329113924,0.697841726618705,2,9,0.06962025316455696,0
140,1,0.03423611111111111,0.42111111111111105,4.591240875912408,19.774193548387096,1,13,0.4730831973898858,0.45985401459854014,6,54,0.10766721044045677,0
141,0,0.12256441349814849,0.5007951285662129,4.870478413068845,22.27659574468085,0,8,0.42311365807067813,0.4002333722287048,26,106,0.04680038204393505,0
142,1,0.02632063882063882,0.6141994266994265,4.758241758241758,23.11111111111111,0,4,0.40865384615384615,0.5604395604395604,3,37,0.07692307692307693,0
143,0,0.10989882210812445,0.3522374911909795,4.990909090909091,25.5,0,8,0.3843137254901961,0.5340909090909091,4,35,0.047058823529411764,0
144,0,0.074529874312483,0.4182780182780183,4.636263736263737,21.65686274509804,1,18,0.4644635581711182,0.34065934065934067,40,152,0.0869171570846537,0
145,1,0.07470964560414106,0.3983130121662232,4.995454545454545,32.44444444444444,0,16,0.4506849315068493,0.3840909090909091,20,162,0.052054794520547946,0
146,1,-0.01835420205673371,0.42504429466454774,4.669144981412639,21.25531914893617,0,24,0.42742742742742745,0.41511771995043373,11,63,0.09109109109109109,0
147,0,0.05629262712596045,0.45105456272122935,4.9079754601226995,31.176470588235293,0,4,0.43018867924528303,0.43941717791411045,19,101,0.07232704402515723,0
148,1,0.16081649831649827,0.3794191919191919,4.941002949852507,33.833333333333336,0,2,0.3768472906403941,0.5162241887905604,20,58,0.046798029556650245,0
149,1,-0.03614062704971799,0.38318341110548904,4.884439359267734,26.57894736842105,0,9,0.38811881188118813,0.47368421052631576,27,75,0.0504950495049505,0
150,0,0.06522095029826991,0.2979633596643905,4.99660152931181,28.448979591836736,0,1,0.41965566714490676,0.38657604078164826,28,143,0.03802008608321377,0
151,0,0.04619666048237476,0.4335807050092764,4.896296296296296,18.0,0,4,0.35,0.6074074074074074,0,14,0.05555555555555555,0
152,1,0.10583333333333333,0.3745238095238095,5.243119266055046,36.857142857142854,0,8,0.36046511627906974,0.6422018348623854,7,28,0.031007751937984496,0
153,1,0.05226484879454494,0.42749038101248066,5.179807013414921,128.21951219512195,9,90,0.29370363325090354,0.42127559425747235,78,629,0.034810728552406314,0
154,0,0.024797979797979795,0.42793771043771045,4.787375415282392,22.933333333333334,0,4,0.3808139534883721,0.5348837209302325,2,28,0.0377906976744186,0
155,1,0.036900037792894934,0.31376606198034773,5.038379530916845,25.571428571428573,0,14,0.3891992551210428,0.5031982942430704,3,61,0.03165735567970205,0
156,1,0.14345454545454545,0.53,4.493023255813953,18.62962962962963,0,9,0.46123260437375746,0.4441860465116279,4,46,0.12127236580516898,0
157,0,0.02666666666666667,0.26833333333333337,4.964,24.53846153846154,0,3,0.3322884012539185,0.592,15,34,0.04075235109717868,0
158,0,0.15900673400673404,0.3471520763187431,4.874095513748191,31.40740740740741,0,0,0.419811320754717,0.45007235890014474,17,49,0.07665094339622641,0
159,1,0.02787999037999038,0.3752645502645502,4.840425531914893,37.666666666666664,1,21,0.3480825958702065,0.648936170212766,4,31,0.04129793510324484,0
160,0,0.29691558441558435,0.6306818181818182,4.935960591133005,17.875,1,11,0.2972027972027972,0.6206896551724138,9,35,0.045454545454545456,0
161,0,0.0031962481962482,0.5010768860768859,5.01878612716763,23.942857142857143,0,17,0.3854415274463007,0.46965317919075145,2,106,0.07159904534606205,0
162,1,0.17045454545454544,0.5,4.666666666666667,7.0,1,0,0.35714285714285715,1.0,0,1,0.07142857142857142,0
163,1,0.16988095238095238,0.5859340659340659,4.461783439490445,16.869565217391305,1,4,0.43041237113402064,0.5445859872611465,5,23,0.1134020618556701,0
164,0,0.04211896593972066,0.5531724250592175,4.786686838124054,14.774193548387096,0,3,0.3558951965065502,0.5491679273827534,28,79,0.05786026200873363,0
165,0,0.0913638801138801,0.4856802581802583,4.618945102260495,22.714285714285715,0,17,0.42407906558849956,0.3961248654467169,10,102,0.09254267744833783,0
166,1,0.032600732600732596,0.3873626373626374,4.775510204081633,17.2,1,5,0.4069767441860465,0.5986394557823129,10,19,0.0755813953488372,0
167,1,0.1436870326643054,0.445706414797324,4.720183486238532,25.79310344827586,4,18,0.42245989304812837,0.42660550458715596,14,52,0.06016042780748663,0
168,0,0.08869550045913681,0.48144224058769514,4.639344262295082,29.973684210526315,1,10,0.40561896400351183,0.40765027322404374,14,130,0.06584723441615452,0
169,1,0.08338227357058524,0.44899657052903785,4.875221238938053,26.816326530612244,0,25,0.3736681887366819,0.3938053097345133,28,132,0.05403348554033485,0
170,0,0.050477463712757825,0.2992456073338426,4.653558052434457,26.695652173913043,0,6,0.3762214983713355,0.4438202247191011,6,53,0.0749185667752443,0
171,0,0.17208315877670718,0.41957827119117447,5.0466472303206995,22.166666666666668,0,1,0.43609022556390975,0.5306122448979592,4,25,0.06516290726817042,0
172,1,-0.0041874791874791945,0.4133241758241758,4.114942528735632,15.76923076923077,0,8,0.4560975609756098,0.47988505747126436,7,29,0.1073170731707317,1
173,0,0.0966361980033855,0.2998496728965479,4.971270718232044,34.78125,0,3,0.4123989218328841,0.4265193370165746,5,81,0.0664869721473495,0
174,1,-0.12518115942028987,0.5958333333333334,4.526992287917738,23.526315789473685,0,3,0.4429530201342282,0.5552699228791774,5,39,0.09843400447427293,0
175,0,0.12025613275613277,0.3907647907647908,5.178743961352657,26.5,0,6,0.4088050314465409,0.5072463768115942,6,55,0.03773584905660377,0
176,1,-0.08338744588744589,0.36788548752834466,4.924698795180723,31.583333333333332,0,16,0.3720316622691293,0.5572289156626506,1,33,0.044854881266490766,0
177,1,0.17783094098883573,0.4558612440191387,4.9397590361445785,22.77777777777778,1,10,0.348780487804878,0.5180722891566265,13,45,0.03170731707317073,0
178,1,0.024419191919191924,0.45878787878787874,4.754527162977867,21.333333333333332,1,16,0.390625,0.5030181086519114,16,43,0.07465277777777778,0
179,1,-0.0031249999999999876,0.4739583333333333,4.930756843800322,28.833333333333332,0,3,0.4841040462427746,0.42028985507246375,1,32,0.0968208092485549,0
180,1,0.08996031746031746,0.4742857142857143,4.129370629370629,25.142857142857142,1,26,0.4602272727272727,0.5594405594405595,1,7,0.125,0
181,1,0.1552503088777598,0.4129926953946561,5.014321295143213,21.5,1,25,0.4353704705246079,0.3729763387297634,33,65,0.05949161709031909,0
182,0,-0.03111111111111111,0.3827777777777778,5.3023255813953485,36.666666666666664,0,1,0.32727272727272727,0.7325581395348837,0,12,0.03636363636363636,0
183,0,0.013218390804597704,0.4655582922824302,5.037234042553192,27.0,0,3,0.39651416122004357,0.4973404255319149,12,26,0.05228758169934641,0
184,1,0.08366970866970866,0.43586199836199824,5.128854625550661,32.36363636363637,0,22,0.38670411985018727,0.4669603524229075,6,47,0.05337078651685393,0
185,1,0.35,0.65,3.5,2.0,0,0,0.0,1.0,0,0,0.0,0
186,0,-0.06124401913875599,0.3098883572567783,4.932153392330384,32.5,0,2,0.4025641025641026,0.5457227138643068,9,59,0.041025641025641026,0
187,0,0.05890751191798312,0.40532890611424627,4.833746898263027,30.378947368421052,0,10,0.4313929313929314,0.33664185277088504,29,231,0.0693000693000693,0
188,1,0.08214866775291121,0.4365219548798884,4.910346732974168,25.221556886227546,1,42,0.45049857549857547,0.25887553529493024,190,595,0.05911680911680912,7
189,0,0.06027568922305765,0.33680475226527856,5.194297782470961,28.57894736842105,0,4,0.3848987108655617,0.4149947201689546,31,100,0.0285451197053407,0
190,0,0.1622760942760943,0.4230437710437711,4.852631578947369,39.05555555555556,1,0,0.3869132290184922,0.5596491228070175,30,81,0.021337126600284494,0
191,0,-0.012649219467401294,0.36802112029384754,5.040123456790123,32.166666666666664,0,8,0.31088082901554404,0.5555555555555556,10,53,0.018134715025906734,0
192,0,0.21907975862521317,0.5323513427409531,4.451713395638629,19.029850746268657,1,16,0.40627450980392155,0.45898234683281414,23,103,0.06431372549019608,0
193,1,-0.02416125541125541,0.5014069264069263,4.717948717948718,20.53846153846154,1,6,0.3857677902621723,0.5341880341880342,2,28,0.052434456928838954,0
194,0,0.022647306397306395,0.4916991341991341,4.66798418972332,24.23076923076923,0,4,0.4174603174603175,0.4041501976284585,23,88,0.06984126984126984,0
195,1,0.12609126984126984,0.5201499118165784,4.667315175097277,21.205882352941178,3,22,0.3342579750346741,0.42023346303501946,20,60,0.07350901525658807,1
196,0,0.04128787878787878,0.45568181818181813,5.447058823529412,32.333333333333336,0,1,0.29896907216494845,0.7411764705882353,0,14,0.05154639175257732,0
197,1,-0.07061147186147188,0.52623556998557,4.610047846889952,19.25925925925926,0,12,0.37884615384615383,0.49521531100478466,1,33,0.04807692307692308,0
198,1,0.07142857142857144,0.8892857142857143,5.0,23.0,0,7,0.31521739130434784,0.8311688311688312,2,12,0.03260869565217391,1
199,0,0.06599999999999999,0.31566666666666665,5.0139664804469275,22.736842105263158,0,2,0.33796296296296297,0.49441340782122906,18,48,0.020833333333333332,0
200,0,0.038622835497835496,0.32336309523809526,4.715151515151515,25.875,0,4,0.3333333333333333,0.5515151515151515,19,22,0.01932367149758454,0
201,0,0.059619316615284364,0.4215145853250692,4.3769063180827885,17.835051546391753,0,30,0.43872832369942194,0.35584604212055193,43,112,0.11040462427745665,0
202,0,0.09687499999999999,0.30440705128205126,5.038461538461538,45.0,0,2,0.32222222222222224,0.7307692307692307,1,14,0.05555555555555555,0
203,1,0.04,0.52,4.418181818181818,22.333333333333332,0,0,0.44776119402985076,0.8,5,6,0.029850746268656716,0
204,1,0.05488095238095238,0.3645578231292517,4.663917525773196,26.476190476190474,0,5,0.4352517985611511,0.4515463917525773,4,27,0.07194244604316546,0
205,1,0.06269841269841267,0.3887896825396825,4.795698924731183,13.0,0,8,0.41346153846153844,0.7741935483870968,2,8,0.038461538461538464,0
206,1,-0.050333333333333334,0.473,4.561290322580645,19.61111111111111,1,8,0.43626062322946174,0.567741935483871,1,12,0.07932011331444759,0
207,0,-0.019505553369189743,0.3217018671564127,4.962287104622871,25.907894736842106,0,18,0.4012188928390046,0.36009732360097324,30,180,0.04824784154393093,0
208,1,0.046875450937950945,0.3938077200577201,4.976608187134503,29.666666666666668,0,7,0.4242696629213483,0.37161084529505584,22,270,0.05573033707865169,0
209,1,-0.16999999999999998,0.48,4.835820895522388,12.666666666666666,0,12,0.40789473684210525,0.7761194029850746,0,2,0.07894736842105263,0
210,1,-0.014618844696969696,0.4437499999999999,5.0405982905982905,20.62962962962963,9,9,0.38240574506283664,0.47435897435897434,9,42,0.05206463195691203,1
211,1,0.1171606691919192,0.47161773989899,4.8121546961325965,24.27777777777778,0,1,0.41647597254004576,0.4889502762430939,25,46,0.059496567505720827,0
212,0,0.27611111111111103,0.5994444444444444,4.554455445544554,60.0,0,1,0.43333333333333335,0.6534653465346535,0,17,0.08333333333333333,0
213,0,0.11950757575757572,0.36327861952861956,4.689542483660131,29.923076923076923,0,0,0.37789203084832906,0.48366013071895425,29,50,0.012853470437017995,0
214,1,0.005714285714285722,0.3519047619047619,5.375438596491228,32.45454545454545,2,29,0.32492997198879553,0.5719298245614035,19,35,0.036414565826330535,0
215,0,0.05855263157894737,0.22258771929824558,5.152354570637119,29.0,0,3,0.43349753694581283,0.5069252077562327,3,54,0.06403940886699508,0
216,1,0.22342532467532467,0.44926587301587306,4.402941176470589,22.68421052631579,0,1,0.4222737819025522,0.48823529411764705,9,13,0.08352668213457076,1
217,0,0.11187417654808962,0.36284584980237156,4.938679245283019,35.142857142857146,0,3,0.3943089430894309,0.6509433962264151,3,30,0.052845528455284556,0
218,0,0.14366883116883117,0.3388528138528138,4.451957295373665,27.0,0,5,0.4672364672364672,0.48398576512455516,3,28,0.10541310541310542,0
219,0,-0.021130952380952372,0.244047619047619,5.254437869822485,31.526315789473685,0,1,0.38397328881469117,0.45759368836291914,12,49,0.04006677796327212,0
220,1,0.04190027452222574,0.47998891352549883,5.0583850931677015,34.51851851851852,0,11,0.3969957081545064,0.4372670807453416,10,84,0.04291845493562232,0
221,0,0.08333333333333334,0.4,5.738095238095238,48.0,0,1,0.3333333333333333,0.7380952380952381,0,9,0.08333333333333333,0
222,0,0.06287878787878788,0.3051515151515152,5.5177304964539005,55.0,0,1,0.23636363636363636,0.7588652482269503,0,32,0.030303030303030304,0
223,0,0.055396471720001145,0.400987041281159,4.8496296296296295,31.0,0,22,0.4068100358422939,0.36,46,152,0.05197132616487455,0
224,1,0.012316647812971348,0.5305601567550096,4.336283185840708,24.88888888888889,0,37,0.42028061224489793,0.3797264682220434,41,56,0.09438775510204081,0
225,0,0.06510416666666666,0.5114583333333333,5.402214022140221,25.692307692307693,0,5,0.31736526946107785,0.5571955719557196,10,42,0.029940119760479042,0
226,1,0.006410256410256421,0.32948717948717954,5.071246819338422,23.35,1,33,0.37901498929336186,0.46055979643765904,12,56,0.047109207708779445,0
227,1,0.16613756613756608,0.5375755857898715,4.457894736842105,18.444444444444443,0,15,0.45180722891566266,0.44912280701754387,1,43,0.10692771084337349,0
228,1,0.02526881720430108,0.28521505376344086,4.680327868852459,38.09090909090909,0,7,0.4439140811455847,0.48633879781420764,10,38,0.057279236276849645,0
229,0,0.10701327951327949,0.4272268047268048,4.774358974358974,26.446428571428573,0,18,0.39702903443619175,0.4324786324786325,24,128,0.07089804186360567,0
230,1,0.07938463583200424,0.421287119313435,4.693913043478261,23.142857142857142,0,24,0.4058641975308642,0.48,5,71,0.047839506172839504,0
231,0,0.05964646464646465,0.44274350649350636,5.040051679586563,35.0,0,0,0.42857142857142855,0.41214470284237725,14,48,0.05934065934065934,0
232,0,0.17752525252525256,0.5410894660894662,4.912052117263844,27.46153846153846,0,11,0.38375350140056025,0.4755700325732899,7,59,0.06442577030812324,0
233,1,0.03874348958333333,0.4896986607142857,4.502849002849003,33.833333333333336,2,21,0.44950738916256155,0.42165242165242167,6,43,0.11206896551724138,0
234,0,0.0,0.3020833333333333,4.932515337423313,23.5,0,4,0.3191489361702128,0.5276073619631901,1,18,0.005319148936170213,0
235,1,0.08183621933621933,0.3655866702741703,4.961685823754789,29.5,0,9,0.3898305084745763,0.6206896551724138,8,31,0.04406779661016949,0
236,0,0.10661655066066833,0.49385125767478705,4.907645722937168,29.303571428571427,0,11,0.40706886045094454,0.37698713096139286,16,165,0.06093845216331505,0
237,1,0.23529942279942276,0.5599927849927849,4.467136150234742,25.473684210526315,2,12,0.4690082644628099,0.5070422535211268,3,13,0.0743801652892562,0
238,1,0.03935883935883935,0.48904683904683904,4.372143634385202,14.932432432432432,3,15,0.43529411764705883,0.4134929270946681,5,62,0.09864253393665158,2
239,1,0.07647058823529412,0.37352941176470594,5.263513513513513,41.2,0,39,0.15048543689320387,0.5675675675675675,11,29,0.0048543689320388345,2
240,1,-0.16385003885003882,0.575,4.338181818181818,18.944444444444443,2,10,0.44281524926686217,0.5127272727272727,7,26,0.04398826979472141,1
241,1,0.17776143790849674,0.48949220713926594,4.601895734597156,22.454545454545453,1,12,0.41700404858299595,0.556872037914692,9,48,0.07894736842105263,0
242,1,0.06323317205670148,0.48461983278159737,4.853760445682451,22.885714285714286,0,11,0.48564294631710364,0.45403899721448465,8,52,0.08364544319600499,0
243,1,0.06363636363636364,0.4954545454545455,4.56,15.357142857142858,1,1,0.44651162790697674,0.56,1,18,0.13023255813953488,0
244,1,0.0,0.0,5.25,13.0,0,4,0.3076923076923077,1.0,1,1,0.0,0
245,1,0.042792207792207784,0.3705871212121212,4.988059701492538,31.16,0,23,0.3940949935815148,0.4507462686567164,5,89,0.05648267008985879,0
246,1,0.09197137188208615,0.4913265306122449,4.434782608695652,22.08695652173913,1,12,0.4311023622047244,0.45308924485125857,6,45,0.0610236220472441,0
247,0,0.007692307692307693,0.3243589743589743,4.753333333333333,19.444444444444443,0,5,0.36,0.6133333333333333,0,22,0.07428571428571429,0
248,1,0.13595930735930734,0.5112952380952381,4.676470588235294,20.08695652173913,0,10,0.4458874458874459,0.5245098039215687,6,23,0.07792207792207792,0
249,0,0.12055555555555557,0.37833333333333335,4.856716417910448,34.81818181818182,0,4,0.4073107049608355,0.45671641791044776,8,34,0.044386422976501305,0
250,0,0.06674057649667406,0.3803954175905396,5.21957671957672,36.19230769230769,0,13,0.35069075451647186,0.43915343915343913,18,118,0.022316684378320937,0
251,1,0.075410592808552,0.3896566245545839,4.485347985347985,21.79310344827586,0,7,0.43670886075949367,0.47435897435897434,6,28,0.08860759493670886,0
252,1,-0.028787878787878793,0.5797348484848486,4.469135802469136,32.0,0,5,0.4166666666666667,0.8024691358024691,2,14,0.041666666666666664,0
253,1,0.08363508246685816,0.4739745586708202,4.999240698557327,19.814814814814813,5,10,0.42429906542056073,0.39711465451784356,26,58,0.07289719626168224,2
254,0,0.021872294372294376,0.40858225108225105,5.013996889580094,24.419354838709676,0,1,0.41215323645970936,0.4821150855365474,16,74,0.05151915455746367,0
255,0,0.21785594035594033,0.5698431403986959,4.275725593667546,26.90909090909091,0,14,0.5045045045045045,0.44327176781002636,19,72,0.09684684684684684,0
256,1,0.03978363177226814,0.5186639938344485,4.465392561983471,14.354285714285714,10,74,0.429140127388535,0.36828512396694213,23,114,0.11464968152866242,0
257,1,0.22228520067503113,0.4749922393990191,4.664939550949914,25.96153846153846,0,0,0.44592592592592595,0.43005181347150256,4,27,0.06814814814814815,0
258,1,0.018678589170392446,0.29181569796323903,4.893684210526316,24.541666666666668,2,16,0.3870967741935484,0.4242105263157895,21,88,0.0365025466893039,0
259,0,0.087229099025974,0.3791862824675325,5.028006589785832,22.734375,0,12,0.41855670103092785,0.36820428336079075,17,96,0.058419243986254296,0
260,0,0.08750000000000001,0.0625,4.770053475935829,16.666666666666668,0,3,0.364,0.5240641711229946,0,24,0.048,1
261,1,-0.10289855072463766,0.4210144927536231,4.420731707317073,24.5,0,13,0.44642857142857145,0.4176829268292683,9,33,0.08673469387755102,0
262,0,0.035398482898482894,0.35962413712413704,5.303329223181258,26.34285714285714,0,2,0.39045553145336226,0.42909987669543775,17,96,0.04013015184381779,0
263,1,0.1718599033816425,0.5403381642512077,4.482678983833718,18.846153846153847,0,9,0.42857142857142855,0.45265588914549654,3,28,0.10408163265306122,0
264,0,0.003993055555555558,0.3645833333333333,5.315789473684211,36.25,0,7,0.38620689655172413,0.49473684210526314,6,40,0.029885057471264367,0
265,0,0.16144467817003028,0.4063926488222262,5.070154577883472,31.1875,0,5,0.3967935871743487,0.43638525564803804,28,95,0.06513026052104208,0
266,1,0.0199585137085137,0.44367784992785,4.919389978213507,28.05263157894737,0,7,0.42964352720450283,0.5163398692810458,8,61,0.06191369606003752,0
267,0,0.018899521531100475,0.25637958532695376,5.160949868073879,25.294117647058822,0,2,0.3395348837209302,0.5092348284960422,7,70,0.02558139534883721,0
268,1,0.15653508771929822,0.4766666666666667,4.865671641791045,23.523809523809526,2,10,0.4008097165991903,0.5870646766169154,23,37,0.06072874493927125,0
269,1,0.02059178743961353,0.3991545893719806,4.706411698537683,42.57692307692308,2,19,0.4363143631436314,0.42744656917885265,7,101,0.06955736224028906,0
270,0,0.15000000000000002,0.5625,5.065934065934066,23.0,0,2,0.34782608695652173,0.6263736263736264,2,13,0.017391304347826087,0
271,1,0.06152597402597402,0.381319573283859,4.5092592592592595,27.72222222222222,0,33,0.42685370741482964,0.5208333333333334,18,51,0.07014028056112225,0
272,1,0.015626984126984135,0.37380839002267574,4.909937888198757,26.964285714285715,0,37,0.42119205298013246,0.43788819875776397,19,99,0.05695364238410596,3
273,0,-0.02076655052264808,0.34028648857917143,5.0573613766730405,25.75,0,9,0.3705501618122977,0.491395793499044,12,81,0.043689320388349516,0
274,1,0.029687499999999988,0.26541666666666663,5.292490118577075,43.57142857142857,0,13,0.34262295081967215,0.48221343873517786,24,79,0.019672131147540985,0
275,0,0.058944559228650155,0.43060433884297517,4.8384279475982535,22.257142857142856,0,11,0.4249037227214377,0.44250363901018924,8,48,0.07445442875481387,0
276,0,0.09086491739552964,0.39306365403304167,4.916546762589928,28.166666666666668,0,18,0.37514792899408284,0.479136690647482,26,83,0.04378698224852071,0
277,1,0.14717917041030246,0.49609896131122544,4.997955010224949,19.49122807017544,0,26,0.43924392439243926,0.4396728016359918,11,58,0.0738073807380738,0
278,1,0.12166130166130164,0.6284036334036336,4.707692307692308,25.88888888888889,0,8,0.36909871244635195,0.5641025641025641,7,43,0.06652360515021459,0
279,0,0.06439393939393939,0.27045454545454545,4.824817518248175,39.125,0,3,0.38977635782747605,0.5474452554744526,5,26,0.051118210862619806,0
280,0,0.06567400192400193,0.40645648663505807,4.709377901578459,33.743589743589745,0,3,0.42857142857142855,0.403899721448468,35,98,0.05243161094224924,0
281,1,0.17263949500791598,0.470723623355202,4.377889447236181,21.486486486486488,1,54,0.48721174004192874,0.34723618090452263,36,125,0.10649895178197065,0
282,0,0.0065789473684210505,0.3320175438596491,5.156794425087108,27.583333333333332,0,3,0.37462235649546827,0.5609756097560976,10,35,0.03625377643504532,0
283,0,0.08379416282642091,0.46496218834928504,4.860759493670886,28.75,0,1,0.3826086956521739,0.4962025316455696,1,81,0.04782608695652174,0
284,0,0.041666666666666664,0.4166666666666667,5.476190476190476,31.666666666666668,0,2,0.29473684210526313,0.75,0,13,0.0,0
285,1,-0.08222222222222222,0.6066666666666667,4.510344827586207,16.8,2,8,0.39880952380952384,0.6689655172413793,1,13,0.05952380952380952,0
286,1,0.07521043771043771,0.45256734006734,5.2936046511627906,28.266666666666666,2,30,0.2830188679245283,0.6424418604651163,9,71,0.030660377358490566,0
287,1,0.08193473193473196,0.6102661227661225,4.685767097966728,19.5,5,14,0.3660968660968661,0.4491682070240296,28,74,0.0641025641025641,2
288,0,0.08472752481788626,0.4545186874704947,4.811623246492986,32.375,0,19,0.44787644787644787,0.32197728790915164,45,138,0.07280750137892995,0
289,0,0.12893689643689646,0.395622988122988,5.073627844712182,26.636363636363637,2,6,0.34584755403868034,0.4738955823293173,31,100,0.04323094425483504,0
290,1,-0.09090909090909088,0.32878787878787885,4.973214285714286,17.75,0,2,0.33098591549295775,0.6964285714285714,1,4,0.028169014084507043,0
291,0,0.06112865947611711,0.5077425587595078,4.862032085561498,28.692307692307693,0,6,0.4119749776586238,0.41497326203208557,18,76,0.05630026809651475,0
292,0,0.11277845418470417,0.370537968975469,4.805708013172338,27.923076923076923,0,2,0.4279155188246097,0.433589462129528,23,96,0.06611570247933884,0
293,1,-0.05185185185185185,0.2932132682132682,5.093117408906883,26.727272727272727,0,3,0.3673469387755102,0.5789473684210527,6,17,0.03741496598639456,0
294,1,0.0,0.0,5.25,11.333333333333334,3,0,0.20588235294117646,0.85,2,5,0.08823529411764706,0
295,1,0.16177248677248676,0.4411375661375661,4.9602272727272725,22.11111111111111,3,3,0.39195979899497485,0.5795454545454546,1,13,0.03015075376884422,0
296,0,0.05913037942449708,0.4519191919191919,4.650112866817156,28.236842105263158,0,3,0.4249767008387698,0.37697516930022573,22,83,0.05405405405405406,0
297,0,0.015692640692640702,0.4215909090909091,5.099447513812155,27.866666666666667,0,1,0.3923444976076555,0.49171270718232046,4,46,0.023923444976076555,0
298,0,0.07282025714609983,0.3905181834395315,4.895184135977337,21.61904761904762,1,17,0.36123348017621143,0.42870632672332387,26,130,0.05066079295154185,0
299,1,0.09036435786435788,0.4065584415584416,4.28101644245142,18.609756097560975,1,19,0.45478374836173,0.43796711509715996,11,72,0.11664482306684142,1
300,0,-0.00033333333333333435,0.3553333333333334,4.758620689655173,35.875,0,4,0.3519163763066202,0.5043103448275862,17,50,0.017421602787456445,0
301,0,0.09811736530795938,0.46131589944708773,4.938422065426556,27.457142857142856,1,16,0.40270551508844954,0.3011545862732521,138,434,0.04708636836628512,0
302,1,0.0,0.0,5.428956834532374,16.0375,0,0,0.0,0.5080935251798561,6,152,0.003117692907248636,0
303,0,-0.0010416666666666682,0.13854166666666667,4.978021978021978,53.0,0,2,0.3867924528301887,0.6153846153846154,2,15,0.04716981132075472,0
304,0,0.10540293040293039,0.43511904761904757,5.120649651972157,26.842105263157894,0,4,0.3607843137254902,0.5336426914153132,10,62,0.03137254901960784,0
305,0,0.10555555555555557,0.2611111111111111,5.28125,37.5,0,1,0.30666666666666664,0.734375,0,12,0.013333333333333334,0
306,0,0.15945578231292515,0.38823129251700683,4.856447688564477,27.38888888888889,0,6,0.4279918864097363,0.5304136253041363,13,43,0.06693711967545639,0
307,1,-0.02664203612479474,0.5295566502463055,4.518779342723005,25.57894736842105,0,6,0.4691358024691358,0.5093896713615024,3,21,0.08641975308641975,0
308,1,0.1279761904761905,0.373469387755102,4.932330827067669,26.176470588235293,0,17,0.4449438202247191,0.48872180451127817,10,23,0.060674157303370786,0
309,1,0.06480263157894735,0.4057644110275688,5.241509433962264,21.0,0,8,0.42857142857142855,0.5150943396226415,6,28,0.06031746031746032,0
310,0,-0.013750000000000002,0.3641666666666666,4.669642857142857,37.42857142857143,0,3,0.42366412213740456,0.5580357142857143,2,24,0.05725190839694656,0
311,1,0.10865538847117795,0.4615764411027569,4.896675651392632,23.672727272727272,1,20,0.42319508448540705,0.4474393530997305,6,33,0.08064516129032258,0
312,1,0.01590909090909091,0.24139009139009143,4.941489361702128,27.75,0,3,0.38738738738738737,0.6170212765957447,8,14,0.036036036036036036,0
313,0,0.23888888888888893,0.46388888888888885,5.363636363636363,30.0,0,1,0.4,0.6767676767676768,2,11,0.041666666666666664,0
314,1,0.0882142857142857,0.45428571428571435,4.760606060606061,26.571428571428573,1,8,0.44086021505376344,0.5424242424242425,9,27,0.06720430107526881,0
315,1,0.08351648351648353,0.4501831501831501,4.584415584415584,30.38888888888889,0,14,0.4680073126142596,0.45021645021645024,4,37,0.07495429616087751,0
316,0,-0.05706833816589915,0.39841540573247886,5.272020725388601,33.357142857142854,0,3,0.37044967880085655,0.5414507772020726,1,18,0.04068522483940043,0
317,1,0.03333333333333333,0.3178571428571429,4.8354430379746836,43.5,0,7,0.3448275862068966,0.759493670886076,0,17,0.011494252873563218,0
318,1,0.0,0.15833333333333333,5.303030303030303,9.25,0,0,0.2972972972972973,0.9090909090909091,0,1,0.02702702702702703,0
319,1,0.14947299077733858,0.34552042160737806,4.767676767676767,41.0,0,43,0.3048780487804878,0.5909090909090909,5,34,0.02032520325203252,0
320,1,0.03874223602484473,0.5704968944099378,4.64367816091954,24.294117647058822,1,14,0.4019370460048426,0.5545977011494253,8,42,0.04116222760290557,0
321,1,0.05236075036075038,0.4714853257853258,4.617073170731707,23.114093959731544,12,114,0.4631242740998839,0.3209059233449477,56,260,0.08188153310104529,0
322,1,0.11699308755760368,0.46747311827956994,4.751322751322752,20.258064516129032,0,8,0.46178343949044587,0.4673721340388007,6,50,0.07802547770700637,0
323,0,0.05998622589531682,0.29869146005509645,5.32541567695962,22.217391304347824,0,6,0.34637964774951074,0.5700712589073634,10,72,0.043052837573385516,0
324,0,0.04290633302315546,0.3415856158379522,4.591463414634147,32.13953488372093,0,10,0.4196816208393632,0.33885017421602787,40,137,0.03183791606367583,0
325,1,0.0,0.0,6.384615384615385,9.0,0,1,0.1111111111111111,1.0,0,1,0.0,0
326,1,0.08058084029066172,0.4764649041434756,4.888382687927107,27.05263157894737,2,14,0.3968871595330739,0.5056947608200456,10,42,0.05642023346303502,0
327,1,0.07640219329077261,0.49042303699968787,4.318372131971194,18.40502253702511,143,699,0.48584823146625616,0.1365349187740747,434,1186,0.10352307315537207,13
328,0,0.0875,0.5125,4.962264150943396,43.666666666666664,0,1,0.3053435114503817,0.5754716981132075,2,17,0.022900763358778626,0
329,1,-0.05316666666666669,0.5115,4.900793650793651,22.23076923076923,0,6,0.42214532871972316,0.6111111111111112,1,20,0.09342560553633218,0
330,1,-0.01907432844932845,0.4948272792022792,4.365503080082136,29.05128205128205,0,14,0.4616063548102383,0.4106776180698152,9,53,0.09532215357458076,0
331,1,0.11098484848484849,0.40946969696969704,5.089655172413793,24.857142857142858,0,0,0.5344827586206896,0.5862068965517241,3,2,0.10344827586206896,0
332,1,0.0,0.75,4.298245614035087,17.5,1,31,0.4142857142857143,0.7894736842105263,2,4,0.04285714285714286,2
333,0,0.16,0.32999999999999996,5.1937984496124034,37.75,0,1,0.304635761589404,0.5658914728682171,2,26,0.013245033112582781,0
334,0,0.09927849927849926,0.502908048741382,4.581967213114754,20.024390243902438,0,35,0.4518879415347138,0.3509687034277198,7,105,0.09500609013398295,0
335,0,0.007295759795759798,0.4392479742479742,5.135076252723311,30.289473684210527,0,13,0.3370981754995656,0.5,36,97,0.043440486533449174,1
336,1,0.7,0.6000000000000001,5.024390243902439,48.0,0,0,0.3541666666666667,0.7560975609756098,2,3,0.0625,0
337,1,0.14132822833994707,0.41462466931216935,4.344051446945338,15.583333333333334,3,11,0.39572192513368987,0.5337620578778135,1,28,0.12032085561497326,0
338,1,0.29814814814814805,0.6560185185185186,4.798319327731092,29.9,0,14,0.33444816053511706,0.47478991596638653,9,30,0.03678929765886288,0
339,1,-0.017129629629629637,0.648539886039886,4.670138888888889,22.8125,0,6,0.40273972602739727,0.5659722222222222,6,32,0.0684931506849315,0
340,0,0.11818787878787879,0.34178181818181813,4.950113378684807,33.46666666666667,0,6,0.36852589641434264,0.5102040816326531,6,47,0.04780876494023904,0
341,1,0.15909090909090906,0.4553030303030303,4.903225806451613,8.2,2,4,0.1951219512195122,0.8387096774193549,0,5,0.04878048780487805,0
342,0,0.09478458049886623,0.3280612244897959,5.213250517598344,34.05882352941177,0,11,0.3177892918825561,0.5921325051759835,5,40,0.025906735751295335,0
343,0,-0.06212962962962963,0.5071296296296298,4.814910025706941,30.266666666666666,0,1,0.44493392070484583,0.5244215938303342,4,22,0.08370044052863436,0
344,1,0.15999999999999998,0.25,4.702127659574468,17.333333333333332,0,0,0.40384615384615385,0.7021276595744681,1,7,0.07692307692307693,0
345,0,-0.04982030548068286,0.4970350404312668,4.703403565640195,28.77777777777778,1,12,0.3861003861003861,0.4473257698541329,14,77,0.06306306306306306,3
346,0,0.12423186569528034,0.3414145813536058,4.972727272727273,27.916666666666668,0,9,0.3940298507462687,0.4109090909090909,17,162,0.05,0
347,1,0.07100533395176252,0.26560374149659866,5.0051679586563305,39.45454545454545,1,12,0.3986175115207373,0.4883720930232558,6,33,0.04838709677419355,0
348,1,0.13971631205673757,0.47535460992907796,5.017391304347826,28.6,0,13,0.38927738927738925,0.49130434782608695,10,75,0.05827505827505827,0
349,1,0.09648989898989903,0.48924242424242415,4.6061776061776065,23.0,2,23,0.34332833583208394,0.44594594594594594,8,64,0.06146926536731634,1
350,0,0.021743406076033197,0.3540935759156101,4.6260634184068055,20.20754716981132,0,54,0.43666355431061316,0.3294663573085847,85,186,0.07967631497043262,0
351,0,0.04521415759733515,0.3519328153673948,4.926079734219269,26.446428571428573,0,6,0.4010803511141121,0.4219269102990033,26,130,0.05739365293720459,0
352,0,0.07512862820239873,0.5446292550800746,4.7204419889502764,25.177777777777777,0,19,0.4060017652250662,0.41325966850828727,8,101,0.06090026478375993,0
353,1,0.05652298850574713,0.3447290640394088,4.86734693877551,27.864864864864863,0,11,0.4180407371483996,0.4444444444444444,25,85,0.06013579049466537,0
354,1,0.10026839826839826,0.257021645021645,4.699658703071672,28.5,0,3,0.45321637426900585,0.5051194539249146,23,44,0.07894736842105263,0
355,1,0.03428030303030303,0.4774621212121213,5.553030303030303,23.571428571428573,0,12,0.24848484848484848,0.7878787878787878,1,32,0.006060606060606061,0
356,1,0.15482625482625484,0.6411518661518661,4.537790697674419,20.526315789473685,3,7,0.44358974358974357,0.5145348837209303,6,43,0.046153846153846156,0
357,1,0.19166666666666665,0.4291666666666667,4.631284916201118,36.0,0,9,0.38425925925925924,0.6033519553072626,4,20,0.0787037037037037,1
358,1,0.0,0.0,5.333333333333333,4.0,0,0,0.0,1.0,0,0,0.0,0
359,1,0.01388888888888889,0.26958812260536397,4.583892617449664,24.285714285714285,0,2,0.44509803921568625,0.5123042505592841,11,41,0.09019607843137255,0
360,1,0.3583333333333334,0.5916666666666667,4.591836734693878,14.0,0,2,0.4107142857142857,0.7959183673469388,0,7,0.017857142857142856,0
361,0,0.0,0.05,4.811881188118812,56.5,0,4,0.415929203539823,0.5742574257425742,0,18,0.07964601769911504,0
362,0,0.07284652076318746,0.5585676206509542,4.723350253807107,20.869565217391305,0,10,0.4354166666666667,0.4720812182741117,2,34,0.075,0
363,0,0.07916666666666668,0.42141426282051286,4.690954773869347,24.75,0,6,0.3717171717171717,0.49748743718592964,12,45,0.052525252525252523,1
364,1,0.3,0.6,5.733333333333333,12.0,0,4,0.125,0.9333333333333333,1,4,0.0,0
365,1,0.08761904761904761,0.44706349206349205,4.311965811965812,27.2,0,7,0.4522058823529412,0.5470085470085471,2,22,0.11397058823529412,0
366,1,0.15956486042692938,0.42565681444991793,4.721311475409836,21.333333333333332,0,6,0.36607142857142855,0.5601092896174863,3,56,0.05357142857142857,0
367,1,-0.06929012345679013,0.4229938271604938,4.6398809523809526,22.647058823529413,0,5,0.42597402597402595,0.49702380952380953,4,21,0.09350649350649351,0
368,0,0.07884990826167294,0.3879078437901967,5.447098976109215,29.666666666666668,0,1,0.3693820224719101,0.5409556313993175,4,95,0.03932584269662921,0
369,1,0.29043456543456536,0.42672327672327665,4.9308755760368665,37.285714285714285,2,7,0.3448275862068966,0.6451612903225806,4,34,0.0421455938697318,0
370,0,0.033382352941176474,0.39627450980392154,5.214285714285714,27.764705882352942,0,8,0.3855932203389831,0.5467980295566502,8,48,0.0635593220338983,0
371,0,0.021944444444444447,0.45416666666666666,4.962,28.8,0,10,0.3645833333333333,0.464,7,61,0.043402777777777776,0
372,1,0.006060606060606064,0.5498647186147185,4.087613293051359,22.40909090909091,4,8,0.37322515212981744,0.47129909365558914,4,32,0.09533468559837728,0
373,1,-0.021155548996458103,0.6615522104158468,4.545454545454546,17.032258064516128,0,7,0.4318181818181818,0.45021645021645024,7,51,0.04734848484848485,0
374,0,0.0511147631518002,0.4561841964619741,5.099356025758969,31.609756097560975,0,12,0.38117283950617287,0.37534498620055196,6,135,0.05246913580246913,0
375,1,-0.028315972222222218,0.4684722222222223,5.2105263157894735,33.21052631578947,0,11,0.3724247226624406,0.484573502722323,3,31,0.03645007923930269,0
376,0,0.12286062152133581,0.4953811069882497,4.416822429906542,20.38235294117647,0,6,0.4083694083694084,0.5121495327102804,19,52,0.05772005772005772,0
377,1,0.13230234677603098,0.4470551378446116,4.607843137254902,25.0,0,3,0.48,0.5882352941176471,0,11,0.10666666666666667,0
378,1,0.05569050291272513,0.40595254539698994,5.025034770514604,23.507042253521128,2,14,0.4194128220491312,0.433240611961057,19,114,0.04313960455362492,0
379,1,-0.09945426913512019,0.385312854993706,5.258152173913044,30.0,1,10,0.37857142857142856,0.5516304347826086,7,35,0.06428571428571428,0
380,0,0.03173763497039359,0.45475102005274404,4.85792349726776,25.941176470588236,0,16,0.40589569160997735,0.5013661202185792,15,104,0.0782312925170068,0
381,0,0.07285714285714287,0.6042857142857143,4.383561643835616,28.666666666666668,0,6,0.3953488372093023,0.6438356164383562,1,12,0.046511627906976744,0
382,1,0.041854024112088634,0.5198028673835124,4.6191950464396285,25.8,0,3,0.39276485788113696,0.5510835913312694,4,27,0.07493540051679587,1
383,1,0.1440058479532164,0.3677527151211361,4.881889763779528,25.06896551724138,0,12,0.40027510316368636,0.49133858267716535,11,59,0.06052269601100413,0
384,1,0.0972779745507018,0.45713629804538886,4.72,20.822222222222223,0,14,0.41302027748132336,0.45125,11,75,0.10245464247598719,0
385,1,0.0,0.0,5.032786885245901,25.727272727272727,0,10,0.01060070671378092,0.6270491803278688,4,39,0.0,0
386,1,0.07442812593819303,0.4241676109125773,4.970788043478261,20.11627906976744,0,18,0.43410404624277454,0.40285326086956524,13,142,0.061849710982658956,0
387,0,-0.07711971936109867,0.4372555605314227,5.227762803234501,22.76923076923077,0,17,0.36036036036036034,0.44609164420485176,36,96,0.03153153153153153,0
388,1,0.10669036981536983,0.5350303400303401,4.509719222462203,18.933333333333334,4,6,0.34330985915492956,0.5075593952483801,8,51,0.07922535211267606,3
389,1,0.017334494773519168,0.48826945412311257,4.372983870967742,21.296296296296298,0,7,0.43826086956521737,0.4576612903225806,14,39,0.09565217391304348,0
390,0,0.05208333333333334,0.2625,4.788461538461538,25.6,0,2,0.4140625,0.6826923076923077,0,15,0.078125,0
391,0,0.13811169123669126,0.4781731406731406,4.406491499227203,24.793650793650794,4,18,0.48655569782330343,0.3655332302936631,43,159,0.09026888604353393,0
392,0,0.02947368421052632,0.3021052631578947,5.402898550724638,25.75,0,1,0.3446601941747573,0.5159420289855072,10,39,0.03155339805825243,0
393,0,0.05128780735216379,0.4798440558341549,4.680232558139535,33.65,0,1,0.4175334323922734,0.4631782945736434,26,82,0.09658246656760773,0
394,1,0.09999999999999999,0.3160714285714285,4.681978798586573,27.53846153846154,0,6,0.39385474860335196,0.5406360424028268,11,32,0.0335195530726257,0
395,0,0.024342105263157898,0.26162280701754387,5.138836772983114,25.375,0,4,0.35139573070607555,0.4652908067542214,11,84,0.0361247947454844,0
396,1,-0.13780464665204925,0.500430089391128,4.692612137203167,28.612903225806452,2,31,0.37767756482525366,0.46174142480211083,12,66,0.06426155580608793,1
397,1,-0.0638888888888889,0.2972222222222222,5.028985507246377,30.333333333333332,0,2,0.2967032967032967,0.5942028985507246,2,7,0.0,1
398,1,-0.05595238095238094,0.6134479717813051,4.488888888888889,27.53846153846154,0,18,0.39106145251396646,0.5396825396825397,1,33,0.061452513966480445,0
399,0,0.1227380952380952,0.3296428571428572,5.399239543726236,28.363636363636363,0,2,0.36217948717948717,0.5893536121673004,16,40,0.02564102564102564,0
400,1,-0.0013359630135945932,0.4196961189395399,4.445859872611465,25.833333333333332,1,30,0.46236559139784944,0.37579617834394907,13,76,0.07419354838709677,0
401,1,0.0,0.0,5.91875,23.75,0,8,0.0,0.89375,0,14,0.015789473684210527,0
402,0,0.2285714285714286,0.2714285714285714,5.3,33.0,0,1,0.3333333333333333,0.725,0,13,0.010101010101010102,0
403,0,0.1590909090909091,0.23863636363636365,6.423423423423423,29.6,0,1,0.24324324324324326,0.7297297297297297,3,25,0.02027027027027027,0
404,1,0.12564102564102564,0.5846153846153846,5.321428571428571,17.9,2,4,0.36312849162011174,0.6785714285714286,5,21,0.0335195530726257,0
405,0,0.007299832299832295,0.4832524082524083,5.410638297872341,42.23076923076923,0,13,0.331511839708561,0.49361702127659574,3,59,0.029143897996357013,0
406,1,0.055765306122448975,0.44946101517530085,4.6,19.175,0,2,0.38852672750977835,0.37846153846153846,36,49,0.02998696219035202,0
407,0,0.12209595959595959,0.5616161616161617,5.1879194630872485,24.714285714285715,0,2,0.2832369942196532,0.6174496644295302,0,15,0.028901734104046242,0
408,0,0.1138888888888889,0.3841880341880341,4.9553398058252425,25.26086956521739,0,7,0.4165232358003442,0.49902912621359224,10,58,0.05335628227194492,0
409,1,0.046173469387755094,0.585204081632653,4.666666666666667,21.333333333333332,1,6,0.40625,0.5630630630630631,3,23,0.09375,0
410,0,-0.023569023569023573,0.2933501683501684,4.960431654676259,28.636363636363637,0,1,0.35873015873015873,0.5503597122302158,2,46,0.02857142857142857,0
411,1,0.05028957528957529,0.507046332046332,4.329764453961456,15.588235294117647,0,16,0.43018867924528303,0.4817987152034261,2,35,0.10566037735849057,0
412,1,0.1222077922077922,0.3827164502164502,4.683778234086242,26.952380952380953,0,15,0.41519434628975266,0.4271047227926078,6,50,0.10247349823321555,0
413,1,0.13317829457364344,0.39942918192918186,4.754010695187166,22.0,0,4,0.46865203761755486,0.48484848484848486,5,30,0.0768025078369906,0
414,1,-0.5749999999999998,0.6833333333333333,5.090909090909091,14.333333333333334,2,5,0.3023255813953488,0.5454545454545454,4,4,0.046511627906976744,0
415,1,0.09347826086956523,0.5101449275362319,4.676724137931035,18.607142857142858,0,10,0.42802303262955854,0.4892241379310345,5,39,0.1017274472168906,0
416,1,-0.2,0.82,5.595744680851064,16.25,0,3,0.23076923076923078,0.7872340425531915,2,7,0.06153846153846154,1
417,1,-0.038161838161838164,0.5334905834905835,4.411417322834645,21.48148148148148,0,12,0.46551724137931033,0.4153543307086614,6,24,0.1,0
418,1,0.1590909090909091,0.20303030303030303,4.792207792207792,19.833333333333332,4,2,0.2773109243697479,0.6688311688311688,13,34,0.029411764705882353,8
419,1,0.07307426069601398,0.4296222896872247,4.965301478953356,26.367088607594937,0,9,0.4253480556889102,0.3919226393629124,19,165,0.056649063850216036,0
420,1,-0.1576797385620915,0.5169934640522875,4.822680412371134,34.588235294117645,4,16,0.3554421768707483,0.3731958762886598,8,76,0.04931972789115646,1
421,1,-0.07777777777777779,0.5194444444444445,5.235294117647059,7.333333333333333,1,5,0.18181818181818182,1.0,0,1,0.045454545454545456,2
422,0,-0.021249999999999995,0.3350000000000001,5.164383561643835,34.86666666666667,0,4,0.3479923518164436,0.5,7,98,0.03824091778202677,0
423,1,-0.009837786734338458,0.48273112902423254,4.909652076318743,26.371794871794872,0,30,0.4375303840544482,0.39281705948372614,18,163,0.07243558580456977,0
424,0,0.05991970991970993,0.37185962185962185,5.109207708779444,33.6875,0,3,0.3803339517625232,0.47751605995717344,27,68,0.01855287569573284,0
425,0,0.06819165311812372,0.4374134852076028,4.994719471947195,29.92063492063492,1,9,0.38726790450928383,0.4066006600660066,20,198,0.060477453580901855,0
426,0,0.08361736411736415,0.41822744451315874,5.170694864048339,31.48076923076923,0,12,0.3836285888821014,0.3814199395770393,30,166,0.042150274893097125,0
427,0,-0.0250975800156128,0.43091334894613575,4.954116059379217,18.979166666666668,0,7,0.4500548847420417,0.46288798920377866,7,68,0.07135016465422613,0
428,1,-0.0918954248366013,0.4350326797385621,4.728571428571429,28.071428571428573,0,12,0.40458015267175573,0.5285714285714286,2,34,0.0737913486005089,0
429,1,0.09417450365726229,0.5130877742946708,4.488888888888889,21.84375,0,4,0.43490701001430615,0.441025641025641,9,44,0.09298998569384835,1
430,0,0.05828962703962702,0.3615530303030303,5.004983388704319,29.958333333333332,0,1,0.4144645340751043,0.47674418604651164,5,52,0.04450625869262865,0
431,0,-0.25,0.25,5.107438016528926,23.666666666666668,0,1,0.4084507042253521,0.5867768595041323,10,25,0.02112676056338028,0
432,1,0.07447916666666667,0.47281746031746036,4.7942857142857145,16.75,4,28,0.4527363184079602,0.6514285714285715,2,19,0.07960199004975124,0
433,0,0.09259305468912452,0.47427210344240917,4.947543713572023,29.762886597938145,0,7,0.4229303775545549,0.313488759367194,98,322,0.04191201939729823,0
434,1,0.0988095238095238,0.26679894179894176,4.9799331103678925,29.04,0,12,0.3787878787878788,0.4180602006688963,21,99,0.03443526170798898,0
435,1,0.06643973751116612,0.471710815639387,4.759129759129759,31.891304347826086,0,26,0.48261758691206547,0.36363636363636365,16,121,0.06680299931833675,0
436,1,0.2586363636363636,0.6108333333333335,4.377358490566038,18.428571428571427,0,4,0.4263565891472868,0.6886792452830188,6,13,0.06201550387596899,0
437,1,0.03497897304715486,0.3495032499228302,5.049988265665337,24.130841121495326,1,25,0.4024012393493416,0.28866463271532505,101,536,0.05635166537567777,0
438,0,0.19647667147667147,0.4641594516594517,4.91764705882353,29.035714285714285,0,2,0.4059040590405904,0.43676470588235294,23,104,0.03567035670356704,0
439,0,0.06558868762816132,0.35650489861016177,5.186878727634195,26.727272727272727,0,3,0.4030612244897959,0.46123260437375746,7,75,0.06802721088435375,0
440,1,-0.09915674603174605,0.4089161706349206,4.740384615384615,27.705882352941178,3,26,0.4543524416135881,0.5096153846153846,1,16,0.07643312101910828,0
441,0,-0.036867559523809525,0.30282738095238093,4.956862745098039,32.22222222222222,0,3,0.35172413793103446,0.6313725490196078,10,26,0.027586206896551724,0
442,0,-0.09561688311688311,0.541991341991342,4.535603715170279,24.75,0,3,0.4318181818181818,0.5139318885448917,11,30,0.09343434343434344,0
443,0,0.050139007334129286,0.41068537153902995,4.679184549356223,24.217391304347824,0,25,0.44434470377019747,0.4366952789699571,31,99,0.06463195691202872,0
444,1,0.1285714285714286,0.25476190476190474,4.973760932944606,30.76923076923077,0,9,0.3875,0.565597667638484,7,51,0.0425,0
445,1,0.16217185330392878,0.5257929701325929,4.500653594771242,21.125,0,22,0.47810650887573963,0.403921568627451,3,65,0.09467455621301775,0
446,1,0.0525462962962963,0.49245370370370367,4.972972972972973,23.8,0,10,0.4005602240896359,0.5506756756756757,5,29,0.06162464985994398,0
447,1,0.06723519388413005,0.436319885787971,4.787446504992867,32.95918367346939,0,36,0.43839009287925695,0.3637660485021398,22,100,0.060061919504643964,0
448,1,0.06925925925925926,0.5833333333333334,4.6381578947368425,16.818181818181817,0,7,0.44054054054054054,0.506578947368421,2,46,0.0918918918918919,0
449,0,0.06858082169402926,0.34730519480519473,5.162958115183246,24.11842105263158,0,7,0.40316421167484995,0.3743455497382199,42,169,0.0425531914893617,0
450,1,0.05559047926069203,0.4615286604648306,4.4817073170731705,27.523809523809526,0,0,0.5,0.483739837398374,6,28,0.10553633217993079,0
451,0,-0.0773809523809524,0.2952380952380952,4.852813852813853,22.5,0,2,0.3814814814814815,0.5887445887445888,9,28,0.022222222222222223,0
452,1,0.12589175161755808,0.4840104429620557,5.349272349272349,31.166666666666668,0,12,0.38146167557932265,0.5093555093555093,8,17,0.023172905525846704,0
453,0,0.09656926406926408,0.27168470418470414,4.726287262872629,32.38461538461539,0,4,0.46080760095011875,0.4959349593495935,1,20,0.06413301662707839,0
454,0,-0.07066115702479338,0.36446280991735536,5.064935064935065,23.818181818181817,0,2,0.35877862595419846,0.6147186147186147,3,39,0.04198473282442748,0
455,0,0.11229778992936885,0.39162679425837316,5.069295101553166,32.56666666666667,0,2,0.38485158648925283,0.4659498207885305,21,77,0.048106448311156604,0
456,1,-0.12561274509803924,0.4379901960784314,4.487623762376238,37.07692307692308,0,11,0.4045643153526971,0.5470297029702971,11,43,0.04564315352697095,0
457,1,0.005482625482625485,0.4656885456885457,4.744807121661721,27.642857142857142,0,3,0.42377260981912146,0.5816023738872403,3,32,0.06718346253229975,0
458,1,0.13333333333333333,0.5159722222222222,4.724550898203593,24.375,0,4,0.4025641025641026,0.5748502994011976,3,22,0.06923076923076923,0
459,1,0.21904227459783018,0.5153946876169099,4.60655737704918,39.54545454545455,0,3,0.45977011494252873,0.5683060109289617,9,21,0.08275862068965517,0
460,0,0.02449074074074074,0.3212962962962963,4.714975845410628,31.375,2,5,0.3804780876494024,0.4830917874396135,7,63,0.0697211155378486,0
461,0,-0.06015625000000001,0.3046875,5.253246753246753,30.25,0,7,0.3168044077134986,0.5681818181818182,9,64,0.027548209366391185,0
462,1,-0.031632653061224494,0.3732568027210884,4.864661654135339,39.63636363636363,0,16,0.43119266055045874,0.42355889724310775,7,52,0.03669724770642202,0
463,1,-0.06345029239766084,0.4239766081871345,4.92332268370607,23.466666666666665,0,30,0.38636363636363635,0.5878594249201278,9,42,0.03977272727272727,0
464,1,0.17447486225895317,0.4683333333333333,4.562111801242236,22.235294117647058,2,18,0.4444444444444444,0.4720496894409938,3,50,0.06613756613756613,0
465,0,0.06666666666666667,0.2303030303030303,4.790322580645161,35.0,0,3,0.37142857142857144,0.6370967741935484,0,20,0.05,0
466,1,-0.1400132275132275,0.6047619047619048,4.737777777777778,34.75,0,2,0.41007194244604317,0.6622222222222223,6,15,0.07194244604316546,0
467,0,0.15638802995945852,0.3756453335024765,4.698473282442748,32.46153846153846,0,6,0.3988941548183254,0.45133587786259544,27,120,0.038704581358609796,0
468,1,0.0,0.15,5.684210526315789,25.5,0,5,0.3137254901960784,0.7631578947368421,0,5,0.0392156862745098,0
469,1,-0.10387731481481481,0.4370370370370371,4.8242894056847545,25.444444444444443,0,8,0.39082969432314413,0.5400516795865633,11,43,0.0611353711790393,0
470,1,0.10357463149519222,0.4138277999259306,4.876569037656904,36.43478260869565,1,23,0.46241050119331745,0.40585774058577406,15,80,0.081145584725537,0
471,1,0.10625,0.3020833333333333,4.832460732984293,31.285714285714285,1,13,0.4063926940639269,0.6596858638743456,0,22,0.0593607305936073,0
472,1,0.009166666666666662,0.22374999999999998,4.767080745341615,24.866666666666667,1,11,0.4075067024128686,0.5434782608695652,12,47,0.05093833780160858,2
473,1,-0.11619435091657315,0.46578049008604566,4.97564935064935,28.2,0,13,0.35602836879432626,0.4902597402597403,10,68,0.04822695035460993,0
474,1,0.06127805836139169,0.510734327400994,5.338709677419355,20.38095238095238,0,1,0.411214953271028,0.5080645161290323,2,9,0.0397196261682243,0
475,1,0.06425983436853001,0.46961697722567286,4.64935064935065,24.076923076923077,0,8,0.46485623003194887,0.48237476808905383,12,41,0.07987220447284345,0
476,0,0.036859902597402606,0.40924372294372285,5.069597069597069,32.73684210526316,0,3,0.38102893890675243,0.4542124542124542,11,65,0.03376205787781351,0
477,0,-0.05555555555555554,0.31666666666666665,4.815217391304348,17.5,0,2,0.3333333333333333,0.5760869565217391,5,17,0.02857142857142857,0
478,0,0.0028409090909090884,0.20738636363636365,5.573770491803279,35.5,0,1,0.30985915492957744,0.819672131147541,0,12,0.028169014084507043,0
479,0,0.04988636363636364,0.37170454545454545,4.7478991596638656,26.333333333333332,0,1,0.37341772151898733,0.5210084033613446,21,40,0.0189873417721519,0
480,1,0.15576923076923077,0.33653846153846156,5.176136363636363,18.636363636363637,0,5,0.3902439024390244,0.6647727272727273,5,30,0.03414634146341464,0
481,0,0.048509286412512224,0.44440371456500477,5.310699588477366,27.714285714285715,0,7,0.38316151202749144,0.5164609053497943,6,49,0.044673539518900345,0
482,0,0.5,0.5,5.459016393442623,25.333333333333332,0,1,0.3026315789473684,0.7704918032786885,2,15,0.02631578947368421,0
483,0,0.05642764857881136,0.3976421188630491,4.911940298507463,31.2,0,18,0.38974358974358975,0.4791044776119403,20,72,0.035897435897435895,0
484,0,0.1903542178542179,0.5570928395928395,4.841216216216216,31.228571428571428,0,8,0.4126258005489479,0.40427927927927926,22,118,0.059469350411710885,0
485,1,0.1148187078284844,0.4338721427548244,4.277777777777778,21.824074074074073,2,34,0.4891811624946967,0.3088088088088088,47,162,0.10903691132795927,0
486,1,0.061255787037037046,0.3328414351851852,4.829321663019694,21.458333333333332,0,46,0.512621359223301,0.4814004376367615,2,13,0.1145631067961165,0
487,0,0.1611111111111111,0.5222222222222223,4.662162162162162,30.11111111111111,0,9,0.45018450184501846,0.5045045045045045,0,22,0.1070110701107011,0
488,0,-0.06255165289256198,0.5064566115702479,4.8782383419689115,22.09090909090909,0,2,0.3683127572016461,0.46113989637305697,23,48,0.01440329218106996,0
489,0,0.14558823529411766,0.29166666666666663,5.201086956521739,25.0,0,4,0.38666666666666666,0.6413043478260869,0,32,0.04888888888888889,0
490,1,0.03708333333333333,0.4381944444444444,4.760180995475113,37.07142857142857,0,12,0.37764932562620424,0.502262443438914,6,60,0.05973025048169557,0
491,0,-0.006944444444444447,0.16944444444444448,5.042056074766355,35.857142857142854,0,1,0.33067729083665337,0.5420560747663551,8,41,0.0199203187250996,0
492,0,0.03644018583042975,0.3892566782810686,4.743362831858407,35.54545454545455,0,14,0.41687979539641945,0.4532940019665683,11,97,0.06308610400682012,0
493,0,0.02026315789473684,0.38675438596491224,5.010869565217392,26.0625,0,1,0.38369304556354916,0.5027173913043478,1,48,0.04316546762589928,0
494,1,0.11074134199134199,0.5245941558441559,4.906759906759906,24.285714285714285,0,32,0.4725490196078431,0.4522144522144522,11,38,0.08431372549019608,0
495,0,0.09665071770334928,0.3397129186602871,4.8,23.6875,0,2,0.41952506596306066,0.5432835820895522,7,44,0.03430079155672823,0
496,1,-0.0622895622895623,0.3528619528619529,4.351145038167939,32.72727272727273,2,3,0.3194444444444444,0.5763358778625954,11,34,0.03888888888888889,0
497,0,-0.00615079365079365,0.3281746031746031,5.0236220472440944,47.30769230769231,0,37,0.18536585365853658,0.45144356955380577,77,84,0.013008130081300813,0
498,1,0.04111740505357527,0.4519285560774923,4.543887147335423,20.97142857142857,1,29,0.40463215258855584,0.49686520376175547,11,51,0.09128065395095368,0
499,0,0.08622448979591837,0.19489795918367347,5.345679012345679,45.5,0,1,0.3516483516483517,0.7160493827160493,0,18,0.02197802197802198,0
